nivel_k,frequencia_n_k,frequencia_normalizada_p_k,frequencia_acumulada_CDF,novo_nivel_s_k
0,5371,0.009012,0.009012,2
1,1619,0.002716,0.011728,3
2,1445,0.002424,0.014153,4
3,1278,0.002144,0.016297,4
4,1318,0.002211,0.018508,5
5,1363,0.002287,0.020795,5
6,1318,0.002211,0.023007,6
7,1287,0.002159,0.025166,6
8,1240,0.002081,0.027247,7
9,1228,0.002060,0.029307,7
10,1164,0.001953,0.031260,8
11,1154,0.001936,0.033196,8
12,1123,0.001884,0.035081,9
13,1077,0.001807,0.036888,9
14,1146,0.001923,0.038810,10
15,1140,0.001913,0.040723,10
16,1029,0.001727,0.042450,11
17,1034,0.001735,0.044185,11
18,1081,0.001814,0.045998,12
19,1006,0.001688,0.047686,12
20,1013,0.001700,0.049386,13
21,1025,0.001720,0.051106,13
22,1063,0.001784,0.052889,13
23,1091,0.001831,0.054720,14
24,1151,0.001931,0.056651,14
25,1104,0.001852,0.058503,15
26,1086,0.001822,0.060326,15
27,1208,0.002027,0.062352,16
28,1160,0.001946,0.064299,16
29,1116,0.001872,0.066171,17
30,1145,0.001921,0.068092,17
31,1167,0.001958,0.070050,18
32,1216,0.002040,0.072091,18
33,1233,0.002069,0.074159,19
34,1215,0.002039,0.076198,19
35,1231,0.002065,0.078263,20
36,1241,0.002082,0.080346,20
37,1288,0.002161,0.082507,21
38,1310,0.002198,0.084705,22
39,1315,0.002206,0.086911,22
40,1247,0.002092,0.089003,23
41,1287,0.002159,0.091163,23
42,1371,0.002300,0.093463,24
43,1387,0.002327,0.095790,24
44,1356,0.002275,0.098065,25
45,1356,0.002275,0.100341,26
46,1426,0.002393,0.102733,26
47,1390,0.002332,0.105065,27
48,1457,0.002445,0.107510,27
49,1400,0.002349,0.109859,28
50,1448,0.002430,0.112289,29
51,1449,0.002431,0.114720,29
52,1417,0.002378,0.117097,30
53,1356,0.002275,0.119372,30
54,1496,0.002510,0.121883,31
55,1427,0.002394,0.124277,32
56,1510,0.002534,0.126810,32
57,1426,0.002393,0.129203,33
58,1432,0.002403,0.131606,34
59,1452,0.002436,0.134042,34
60,1476,0.002477,0.136518,35
61,1490,0.002500,0.139018,35
62,1482,0.002487,0.141505,36
63,1523,0.002555,0.144060,37
64,1569,0.002633,0.146693,37
65,1551,0.002602,0.149295,38
66,1510,0.002534,0.151829,39
67,1517,0.002545,0.154374,39
68,1541,0.002586,0.156960,40
69,1572,0.002638,0.159597,41
70,1562,0.002621,0.162218,41
71,1572,0.002638,0.164856,42
72,1576,0.002644,0.167500,43
73,1623,0.002723,0.170223,43
74,1512,0.002537,0.172760,44
75,1643,0.002757,0.175517,45
76,1587,0.002663,0.178180,45
77,1646,0.002762,0.180941,46
78,1679,0.002817,0.183758,47
79,1730,0.002903,0.186661,48
80,1712,0.002872,0.189534,48
81,1708,0.002866,0.192399,49
82,1751,0.002938,0.195337,50
83,1779,0.002985,0.198322,51
84,1826,0.003064,0.201386,51
85,1769,0.002968,0.204354,52
86,1701,0.002854,0.207208,53
87,1899,0.003186,0.210394,54
88,1838,0.003084,0.213478,54
89,1808,0.003034,0.216512,55
90,1888,0.003168,0.219680,56
91,1894,0.003178,0.222857,57
92,1806,0.003030,0.225888,58
93,1853,0.003109,0.228997,58
94,1892,0.003174,0.232171,59
95,1901,0.003190,0.235361,60
96,1848,0.003101,0.238461,61
97,1835,0.003079,0.241540,62
98,1971,0.003307,0.244847,62
99,1902,0.003191,0.248039,63
100,1928,0.003235,0.251273,64
101,1884,0.003161,0.254435,65
102,1922,0.003225,0.257659,66
103,2020,0.003389,0.261049,67
104,1971,0.003307,0.264356,67
105,1918,0.003218,0.267574,68
106,1968,0.003302,0.270876,69
107,1932,0.003242,0.274117,70
108,2004,0.003362,0.277480,71
109,1887,0.003166,0.280646,72
110,1962,0.003292,0.283938,72
111,1912,0.003208,0.287146,73
112,2000,0.003356,0.290502,74
113,1988,0.003336,0.293837,75
114,1980,0.003322,0.297159,76
115,1971,0.003307,0.300466,77
116,1965,0.003297,0.303763,77
117,1909,0.003203,0.306966,78
118,2018,0.003386,0.310352,79
119,2023,0.003394,0.313747,80
120,2034,0.003413,0.317159,81
121,2091,0.003508,0.320668,82
122,2051,0.003441,0.324109,83
123,2040,0.003423,0.327532,84
124,2074,0.003480,0.331012,84
125,2038,0.003419,0.334431,85
126,2073,0.003478,0.337909,86
127,2071,0.003475,0.341384,87
128,2085,0.003498,0.344883,88
129,2164,0.003631,0.348513,89
130,2072,0.003477,0.351990,90
131,2133,0.003579,0.355569,91
132,2092,0.003510,0.359079,92
133,2161,0.003626,0.362705,92
134,2145,0.003599,0.366304,93
135,2105,0.003532,0.369836,94
136,2112,0.003544,0.373379,95
137,2149,0.003606,0.376985,96
138,2185,0.003666,0.380651,97
139,2188,0.003671,0.384322,98
140,2142,0.003594,0.387916,99
141,2156,0.003617,0.391534,100
142,2103,0.003529,0.395062,101
143,2117,0.003552,0.398614,102
144,2051,0.003441,0.402055,103
145,2067,0.003468,0.405523,103
146,2079,0.003488,0.409012,104
147,2175,0.003649,0.412661,105
148,2020,0.003389,0.416050,106
149,1983,0.003327,0.419378,107
150,2005,0.003364,0.422742,108
151,2002,0.003359,0.426101,109
152,1876,0.003148,0.429248,109
153,1951,0.003273,0.432522,110
154,1810,0.003037,0.435559,111
155,1836,0.003081,0.438639,112
156,1774,0.002977,0.441616,113
157,1816,0.003047,0.444663,113
158,1766,0.002963,0.447626,114
159,1696,0.002846,0.450471,115
160,1675,0.002810,0.453282,116
161,1654,0.002775,0.456057,116
162,1573,0.002639,0.458696,117
163,1634,0.002742,0.461438,118
164,1674,0.002809,0.464247,118
165,1576,0.002644,0.466891,119
166,1465,0.002458,0.469349,120
167,1546,0.002594,0.471943,120
168,1499,0.002515,0.474458,121
169,1456,0.002443,0.476901,122
170,1507,0.002529,0.479430,122
171,1439,0.002414,0.481844,123
172,1427,0.002394,0.484238,123
173,1404,0.002356,0.486594,124
174,1379,0.002314,0.488908,125
175,1339,0.002247,0.491154,125
176,1388,0.002329,0.493483,126
177,1327,0.002227,0.495710,126
178,1333,0.002237,0.497946,127
179,1342,0.002252,0.500198,128
180,1474,0.002473,0.502671,128
181,1344,0.002255,0.504926,129
182,1344,0.002255,0.507181,129
183,1375,0.002307,0.509488,130
184,1375,0.002307,0.511795,131
185,1357,0.002277,0.514072,131
186,1367,0.002294,0.516366,132
187,1342,0.002252,0.518617,132
188,1333,0.002237,0.520854,133
189,1313,0.002203,0.523057,133
190,1372,0.002302,0.525359,134
191,1444,0.002423,0.527782,135
192,1501,0.002518,0.530300,135
193,1529,0.002565,0.532866,136
194,57610,0.096661,0.629527,161
195,1717,0.002881,0.632408,161
196,1839,0.003086,0.635493,162
197,2023,0.003394,0.638888,163
198,2169,0.003639,0.642527,164
199,2313,0.003881,0.646408,165
200,2607,0.004374,0.650782,166
201,2789,0.004680,0.655461,167
202,3110,0.005218,0.660680,168
203,3659,0.006139,0.666819,170
204,4020,0.006745,0.673564,172
205,4580,0.007685,0.681248,174
206,5278,0.008856,0.690104,176
207,5580,0.009362,0.699466,178
208,6328,0.010617,0.710084,181
209,6510,0.010923,0.721007,184
210,6762,0.011346,0.732352,187
211,7072,0.011866,0.744218,190
212,7722,0.012956,0.757174,193
213,8101,0.013592,0.770767,197
214,8705,0.014606,0.785372,200
215,9173,0.015391,0.800763,204
216,9190,0.015419,0.816183,208
217,9133,0.015324,0.831507,212
218,8535,0.014320,0.845827,216
219,8367,0.014039,0.859866,219
220,8438,0.014158,0.874023,223
221,8621,0.014465,0.888488,227
222,8669,0.014545,0.903034,230
223,7799,0.013086,0.916119,234
224,7519,0.012616,0.928735,237
225,6745,0.011317,0.940052,240
226,5815,0.009757,0.949809,242
227,4834,0.008111,0.957919,244
228,4260,0.007148,0.965067,246
229,3990,0.006695,0.971762,248
230,3748,0.006289,0.978050,249
231,3154,0.005292,0.983342,251
232,2437,0.004089,0.987431,252
233,2079,0.003488,0.990919,253
234,1606,0.002695,0.993614,253
235,1160,0.001946,0.995560,254
236,905,0.001518,0.997079,254
237,709,0.001190,0.998268,255
238,421,0.000706,0.998975,255
239,264,0.000443,0.999418,255
240,169,0.000284,0.999701,255
241,91,0.000153,0.999854,255
242,40,0.000067,0.999921,255
243,22,0.000037,0.999958,255
244,12,0.000020,0.999978,255
245,7,0.000012,0.999990,255
246,3,0.000005,0.999995,255
247,3,0.000005,1.000000,255
248,0,0.000000,1.000000,255
249,0,0.000000,1.000000,255
250,0,0.000000,1.000000,255
251,0,0.000000,1.000000,255
252,0,0.000000,1.000000,255
253,0,0.000000,1.000000,255
254,0,0.000000,1.000000,255
255,0,0.000000,1.000000,255
